<?xml version="1.0" encoding="UTF-8"?>
<project-private xmlns="http://www.netbeans.org/ns/project-private/1">
    <editor-bookmarks xmlns="http://www.netbeans.org/ns/editor-bookmarks/2" lastBookmarkId="0"/>
    <open-files xmlns="http://www.netbeans.org/ns/projectui-open-files/2">
        <group>
            <file>file:/Users/isa/NetBeansProjects/CifrasYLetras/src/cifrasyletras/CifrasYLetras.java</file>
            <file>file:/Users/isa/NetBeansProjects/CifrasYLetras/src/cifrasyletras/JuegoCifras.java</file>
            <file>file:/Users/isa/NetBeansProjects/CifrasYLetras/src/cifrasyletras/BolsaCifras.java</file>
            <file>file:/Users/isa/NetBeansProjects/CifrasYLetras/src/cifrasyletras/JuegoLetras.java</file>
            <file>file:/Users/isa/NetBeansProjects/CifrasYLetras/src/cifrasyletras/lecturaDatosLetras.java</file>
        </group>
    </open-files>
</project-private>
